{
  "sources": [
    {
      "type": "minecraft:paletted_permutations",
      "palette_key": "minecraft:trims/color_palettes/trim_palette",
      "permutations": {
        "amethyst": "minecraft:trims/color_palettes/amethyst",
        "copper": "minecraft:trims/color_palettes/copper",
        "diamond": "minecraft:trims/color_palettes/diamond",
        "diamond_darker": "minecraft:trims/color_palettes/diamond_darker",
        "emerald": "minecraft:trims/color_palettes/emerald",
        "gold": "minecraft:trims/color_palettes/gold",
        "gold_darker": "minecraft:trims/color_palettes/gold_darker",
        "iron": "minecraft:trims/color_palettes/iron",
        "iron_darker": "minecraft:trims/color_palettes/iron_darker",
        "lapis": "minecraft:trims/color_palettes/lapis",
        "netherite": "minecraft:trims/color_palettes/netherite",
        "netherite_darker": "minecraft:trims/color_palettes/netherite_darker",
        "quartz": "minecraft:trims/color_palettes/quartz",
        "redstone": "minecraft:trims/color_palettes/redstone",
        "resin": "minecraft:trims/color_palettes/resin"
      },
      "textures": [
        "minecraft:trims/entity/humanoid/sentry",
        "minecraft:trims/entity/humanoid_leggings/sentry",
        "minecraft:trims/entity/humanoid/dune",
        "minecraft:trims/entity/humanoid_leggings/dune",
        "minecraft:trims/entity/humanoid/coast",
        "minecraft:trims/entity/humanoid_leggings/coast",
        "minecraft:trims/entity/humanoid/wild",
        "minecraft:trims/entity/humanoid_leggings/wild",
        "minecraft:trims/entity/humanoid/ward",
        "minecraft:trims/entity/humanoid_leggings/ward",
        "minecraft:trims/entity/humanoid/eye",
        "minecraft:trims/entity/humanoid_leggings/eye",
        "minecraft:trims/entity/humanoid/vex",
        "minecraft:trims/entity/humanoid_leggings/vex",
        "minecraft:trims/entity/humanoid/tide",
        "minecraft:trims/entity/humanoid_leggings/tide",
        "minecraft:trims/entity/humanoid/snout",
        "minecraft:trims/entity/humanoid_leggings/snout",
        "minecraft:trims/entity/humanoid/rib",
        "minecraft:trims/entity/humanoid_leggings/rib",
        "minecraft:trims/entity/humanoid/spire",
        "minecraft:trims/entity/humanoid_leggings/spire",
        "minecraft:trims/entity/humanoid/wayfinder",
        "minecraft:trims/entity/humanoid_leggings/wayfinder",
        "minecraft:trims/entity/humanoid/shaper",
        "minecraft:trims/entity/humanoid_leggings/shaper",
        "minecraft:trims/entity/humanoid/silence",
        "minecraft:trims/entity/humanoid_leggings/silence",
        "minecraft:trims/entity/humanoid/raiser",
        "minecraft:trims/entity/humanoid_leggings/raiser",
        "minecraft:trims/entity/humanoid/host",
        "minecraft:trims/entity/humanoid_leggings/host",
        "minecraft:trims/entity/humanoid/flow",
        "minecraft:trims/entity/humanoid_leggings/flow",
        "minecraft:trims/entity/humanoid/bolt",
        "minecraft:trims/entity/humanoid_leggings/bolt"
      ]
    }
  ]
}