{
  "sources": [
    {
      "type": "minecraft:directory",
      "prefix": "block/",
      "source": "block"
    },
    {
      "type": "minecraft:directory",
      "prefix": "item/",
      "source": "item"
    },
    {
      "type": "minecraft:directory",
      "prefix": "entity/conduit/",
      "source": "entity/conduit"
    },
    {
      "type": "minecraft:single",
      "resource": "minecraft:entity/bell/bell_body"
    },
    {
      "type": "minecraft:single",
      "resource": "minecraft:entity/decorated_pot/decorated_pot_side"
    },
    {
      "type": "minecraft:single",
      "resource": "minecraft:entity/enchanting_table_book"
    },
    {
      "type": "minecraft:paletted_permutations",
      "palette_key": "minecraft:trims/color_palettes/trim_palette",
      "permutations": {
        "amethyst": "minecraft:trims/color_palettes/amethyst",
        "copper": "minecraft:trims/color_palettes/copper",
        "diamond": "minecraft:trims/color_palettes/diamond",
        "diamond_darker": "minecraft:trims/color_palettes/diamond_darker",
        "emerald": "minecraft:trims/color_palettes/emerald",
        "gold": "minecraft:trims/color_palettes/gold",
        "gold_darker": "minecraft:trims/color_palettes/gold_darker",
        "iron": "minecraft:trims/color_palettes/iron",
        "iron_darker": "minecraft:trims/color_palettes/iron_darker",
        "lapis": "minecraft:trims/color_palettes/lapis",
        "netherite": "minecraft:trims/color_palettes/netherite",
        "netherite_darker": "minecraft:trims/color_palettes/netherite_darker",
        "quartz": "minecraft:trims/color_palettes/quartz",
        "redstone": "minecraft:trims/color_palettes/redstone",
        "resin": "minecraft:trims/color_palettes/resin"
      },
      "textures": [
        "minecraft:trims/items/helmet_trim",
        "minecraft:trims/items/chestplate_trim",
        "minecraft:trims/items/leggings_trim",
        "minecraft:trims/items/boots_trim"
      ]
    }
  ]
}